pro_description;tsc_product_amount
Bicicleta Aro 20;5
Bicicleta Ksw 29;94
Bicicleta Ksw 29;62
Bicicleta Feminina;15
Bicicleta Aro 16;53
Bicicleta Aro 20;84
Bicicleta Aro 26;98
Bicicleta Aro 26;16
Bicicleta Aro 20;14
Bicicleta Ksw 29;80
Bicicleta Ksw 29;3
Bicicleta Aro 26;77
Bicicleta Aro 20;58
Bicicleta Aro 29 Alum Mtb 24m Ksw;91
Bicicleta Aro 29 Alum Mtb 24m Ksw;39
Bicicleta Ksw 29;85
Bicicleta Aro 26;37
Bicicleta Aro 20;37
Bicicleta Modelo;25
Bicicleta Aro 26;94
Bicicleta Modelo;39
Bicicleta Aro 20;76
Bicicleta Aro 26;96
Bicicleta Aro 29 Alum Mtb 24m Ksw;94
Bicicleta Aro 16;11
Bicicleta Feminina;1
Bicicleta Aro 16;28
Bicicleta Aro 16;22
Bicicleta Aro 26;89
Bicicleta Aro 26;34
Bicicleta Aro 20;10
Bicicleta Aro 20;6
Bicicleta Ksw 29;42
Bicicleta Feminina;12
Bicicleta Aro 20;37
Bicicleta Ksw 29;95
Bicicleta Ksw 29;60
Bicicleta Aro 20;87
Bicicleta Aro 26;94
Bicicleta Modelo;1
Bicicleta Ksw 29;75
Bicicleta Ksw 29;58
Bicicleta Aro 20;62
Bicicleta Feminina;56
Bicicleta Ksw 29;49
Bicicleta Aro 26;11
Bicicleta Aro 26;80
Bicicleta Modelo Paty;18
Bicicleta Modelo Paty;85
Bicicleta Aro 16;35
Bicicleta Ksw 29;55
Bicicleta Aro 26;19
Bicicleta Aro 20;9
Bicicleta Aro 26;46
Bicicleta Ksw 29;47
Bicicleta Modelo;12
Bicicleta Ksw 29;55
Bicicleta Aro 16;26
Bicicleta Modelo;82
Bicicleta Ksw 29;90
Bicicleta Aro 16;8
Bicicleta Aro 26;92
Bicicleta Modelo Paty;18
Bicicleta Modelo Paty;30
Bicicleta Modelo Paty;58
Bicicleta Modelo Paty;30
Bicicleta Ksw 29;100
Bicicleta Aro 20;39
Bicicleta Ksw 29;13
Bicicleta Aro 16;24
Bicicleta Modelo Paty;70
Bicicleta Aro 26;75
Bicicleta Aro 26;23
Bicicleta Aro 16;62
Bicicleta Aro 29 Alum Mtb 24m Ksw;97
Bicicleta Ksw 29;28
Bicicleta Aro 29 Alum Mtb 24m Ksw;11
Bicicleta Aro 26;94
Bicicleta Aro 26;54
Bicicleta Modelo;97
Bicicleta Aro 26;61
Bicicleta Feminina;82
Bicicleta Aro 20;14
Bicicleta Modelo;13
Bicicleta Aro 26;10
Bicicleta Aro 29 Alum Mtb 24m Ksw;50
Bicicleta Modelo Paty;19
Bicicleta Modelo;90
Bicicleta Aro 29 Alum Mtb 24m Ksw;40
Bicicleta Ksw 29;98
Bicicleta Aro 20;92
Bicicleta Modelo Paty;81
Bicicleta Aro 20;29
Bicicleta Modelo Paty;88
Bicicleta Ksw 29;54
Bicicleta Aro 26;35
Bicicleta Ksw 29;23
Bicicleta Ksw 29;76
Bicicleta Aro 26;1
Bicicleta Aro 26;96
Bicicleta Aro 20;59
Bicicleta Aro 29 Alum Mtb 24m Ksw;56
Bicicleta Ksw 29;40
Bicicleta Feminina;13
Bicicleta Modelo;47
Bicicleta Modelo Paty;100
Bicicleta Aro 26;94
Bicicleta Aro 16;82
Bicicleta Aro 26;40
Bicicleta Ksw 29;63
Bicicleta Ksw 29;48
Bicicleta Ksw 29;79
Bicicleta Aro 20;5
Bicicleta Ksw 29;29
Bicicleta Ksw 29;37
Bicicleta Aro 29 Alum Mtb 24m Ksw;37
Bicicleta Modelo Paty;23
Bicicleta Modelo;72
Bicicleta Aro 16;13
Bicicleta Ksw 29;30
Bicicleta Feminina;53
Bicicleta Aro 29 Alum Mtb 24m Ksw;18
Bicicleta Aro 26;59
Bicicleta Modelo Paty;13
Bicicleta Aro 20;71
Bicicleta Modelo;3
Bicicleta Modelo;83
Bicicleta Modelo Paty;28
Bicicleta Aro 29 Alum Mtb 24m Ksw;85
Bicicleta Aro 26;25
Bicicleta Aro 26;28
Bicicleta Modelo Paty;12
Bicicleta Feminina;85
Bicicleta Modelo;18
Bicicleta Aro 16;35
Bicicleta Aro 29 Alum Mtb 24m Ksw;94
Bicicleta Aro 29 Alum Mtb 24m Ksw;61
Bicicleta Modelo;31
Bicicleta Aro 26;28
Bicicleta Feminina;99
Bicicleta Aro 29 Alum Mtb 24m Ksw;25
Bicicleta Feminina;59
Bicicleta Aro 20;31
Bicicleta Ksw 29;18
Bicicleta Ksw 29;59
Bicicleta Ksw 29;18
Bicicleta Ksw 29;81
Bicicleta Aro 20;4
Bicicleta Modelo;5
Bicicleta Modelo;35
Bicicleta Feminina;62
Bicicleta Ksw 29;72
Bicicleta Aro 26;48
Bicicleta Modelo Paty;93
Bicicleta Modelo;93
Bicicleta Aro 26;41
Bicicleta Aro 16;20
Bicicleta Aro 16;27
Bicicleta Ksw 29;18
Bicicleta Aro 20;49
Bicicleta Ksw 29;56
Bicicleta Ksw 29;37
Bicicleta Ksw 29;36
Bicicleta Aro 26;1
Bicicleta Aro 26;72
Bicicleta Ksw 29;13
Bicicleta Modelo;6
Bicicleta Feminina;43
Bicicleta Aro 29 Alum Mtb 24m Ksw;91
Bicicleta Modelo;89
Bicicleta Feminina;86
Bicicleta Aro 26;31
Bicicleta Ksw 29;17
Bicicleta Aro 29 Alum Mtb 24m Ksw;39
Bicicleta Modelo;74
Bicicleta Aro 16;89
Bicicleta Aro 26;38
Bicicleta Feminina;29
Bicicleta Feminina;22
Bicicleta Aro 20;99
Bicicleta Aro 20;52
Bicicleta Ksw 29;4
Bicicleta Aro 26;72
Bicicleta Aro 20;52
Bicicleta Modelo Paty;95
Bicicleta Ksw 29;25
Bicicleta Feminina;22
Bicicleta Aro 26;35
Bicicleta Aro 26;75
Bicicleta Aro 26;57
Bicicleta Aro 26;79
Bicicleta Ksw 29;38
Bicicleta Aro 16;44
Bicicleta Aro 20;85
Bicicleta Ksw 29;57
Bicicleta Aro 26;6
Bicicleta Ksw 29;76
Bicicleta Feminina;59
Bicicleta Aro 26;53
Bicicleta Feminina;81
Bicicleta Ksw 29;61
Bicicleta Aro 20;44
Bicicleta Ksw 29;88
Bicicleta Aro 20;77
Bicicleta Modelo Paty;74
Bicicleta Ksw 29;48
Bicicleta Aro 29 Alum Mtb 24m Ksw;29
Bicicleta Modelo;34
Bicicleta Ksw 29;54
Bicicleta Aro 26;81
Bicicleta Aro 26;92
Bicicleta Ksw 29;43
Bicicleta Aro 26;23
Bicicleta Aro 16;61
Bicicleta Ksw 29;89
Bicicleta Aro 26;51
Bicicleta Aro 16;91
Bicicleta Feminina;48
Bicicleta Feminina;33
Bicicleta Feminina;14
Bicicleta Feminina;82
Bicicleta Modelo Paty;70
Bicicleta Aro 26;44
Bicicleta Aro 20;34
Bicicleta Modelo;16
Bicicleta Feminina;91
Bicicleta Aro 16;70
Bicicleta Aro 26;61
Bicicleta Ksw 29;82
Bicicleta Modelo;20
Bicicleta Aro 20;31
Bicicleta Aro 26;55
Bicicleta Ksw 29;91
Bicicleta Ksw 29;39
Bicicleta Aro 26;38
Bicicleta Modelo Paty;71
Bicicleta Aro 20;100
Bicicleta Aro 26;51
Bicicleta Aro 20;64
Bicicleta Modelo;1
Bicicleta Ksw 29;100
Bicicleta Ksw 29;93
Bicicleta Aro 26;17
Bicicleta Aro 26;90
Bicicleta Modelo Paty;29
Bicicleta Aro 29 Alum Mtb 24m Ksw;47
Bicicleta Modelo;15
Bicicleta Aro 20;95
Bicicleta Aro 26;59
Bicicleta Aro 20;50
Bicicleta Modelo;75
Bicicleta Ksw 29;14
Bicicleta Modelo Paty;46
Bicicleta Aro 26;12
Bicicleta Aro 29 Alum Mtb 24m Ksw;46
Bicicleta Modelo Paty;74
Bicicleta Aro 29 Alum Mtb 24m Ksw;65
Bicicleta Aro 26;8
Bicicleta Ksw 29;94
Bicicleta Aro 16;19
Bicicleta Aro 26;75
Bicicleta Aro 26;45
Bicicleta Aro 29 Alum Mtb 24m Ksw;65
Bicicleta Aro 29 Alum Mtb 24m Ksw;59
Bicicleta Modelo;93
Bicicleta Aro 29 Alum Mtb 24m Ksw;100
Bicicleta Aro 20;35
Bicicleta Aro 26;23
Bicicleta Aro 29 Alum Mtb 24m Ksw;18
Bicicleta Aro 16;65
Bicicleta Ksw 29;17
Bicicleta Ksw 29;55
Bicicleta Aro 29 Alum Mtb 24m Ksw;12
Bicicleta Ksw 29;8
Bicicleta Aro 20;33
Bicicleta Aro 29 Alum Mtb 24m Ksw;6
Bicicleta Feminina;80
Bicicleta Aro 16;47
Bicicleta Ksw 29;21
Bicicleta Aro 16;72
Bicicleta Aro 26;27
Bicicleta Aro 29 Alum Mtb 24m Ksw;41
Bicicleta Ksw 29;5
Bicicleta Aro 26;43
Bicicleta Aro 29 Alum Mtb 24m Ksw;51
Bicicleta Aro 26;38
Bicicleta Feminina;78
Bicicleta Feminina;73
Bicicleta Ksw 29;97
Bicicleta Aro 20;45
Bicicleta Ksw 29;2
Bicicleta Ksw 29;77
Bicicleta Aro 26;70
Bicicleta Modelo;46
Bicicleta Aro 26;67
Bicicleta Modelo;97
Bicicleta Aro 20;10
Bicicleta Ksw 29;46
Bicicleta Modelo;1
